,precision,recall,f1-score,support
1,0.7623762376237624,0.9506172839506173,0.8461538461538461,81.0
2,0.6923076923076923,0.2727272727272727,0.391304347826087,33.0
accuracy,0.7543859649122807,0.7543859649122807,0.7543859649122807,0.7543859649122807
macro avg,0.7273419649657273,0.611672278338945,0.6187290969899666,114.0
weighted avg,0.7420932376638474,0.7543859649122807,0.7144868861116,114.0
